Месяц;Скважина;P забойное - расчетное (атм);Н д (м);Q нефти (т/сут);Q жидкости (м3/сут);Обводненность %
Январь;3;122.0;847;12;160;91.1
Январь;8;113.8;123;11;157;91.6
Январь;18;пакер или ОРД без ТМС;ОРД;6;56;87.0
Февраль;3;121.6;847;9;157;93.1
Февраль;8;111.9;108;9;158;93.5
Февраль;18;57.9;пакер;3;58;93.1
Март;3;121.5;775;9;153;92.9
Март;8;116.9;112;6;159;95.8
Март;18;57.8;пакер;4;58;92.4
Апрель;3;120.3;696;8;158;94.2
Апрель;8;118.9;51;2;10;75.9
Апрель;18;62.8;пакер;26;465;93.3
Май;3;119.5;696;9;150;93.0
Май;8;112.9;51;8;156;94.0
Май;18;57.8;пакер;4;58;91.4
Июнь;3;119.6;634;8;148;93.2
Июнь;8;110.9;82;6;156;95.2
Июнь;18;57.9;пакер;3;58;93.1
Июль;3;152.0;1157;18;380;94.4
Июль;8;109.8;95;9;156;93.0
Июль;18;55.9;пакер;3;58;92.9
;;;;;;
;;;;;;